Broker,Banner,WFM_Region,Location_Name,UNFI_DC,Visit_Frequency,Effective_Month
Final Touch,WFM,NE,Greenwich,"Hudson Valley, NY",Weekly,base
Final Touch,WFM,NE,Montclair,"Hudson Valley, NY",Weekly,base
Final Touch,WFM,NE,Manhasset,"Hudson Valley, NY",Weekly,base
Final Touch,WFM,NE,Edgewater,"Hudson Valley, NY",Weekly,base
Final Touch,WFM,NE,Ridgewood,"Hudson Valley, NY",Weekly,base
Final Touch,WFM,NE,Chelsea,"Hudson Valley, NY",Weekly,base
Final Touch,WFM,NE,Rose City,"Hudson Valley, NY",Weekly,base
Final Touch,WFM,NE,Columbus Circle,"Hudson Valley, NY",Weekly,base
Final Touch,WFM,NE,Jericho,"Hudson Valley, NY",Weekly,base
Final Touch,WFM,NE,Union Square,"Hudson Valley, NY",Weekly,base
Final Touch,WFM,NE,White Plains,"Hudson Valley, NY",Weekly,base
Final Touch,WFM,NE,Middletown,"Hudson Valley, NY",Weekly,base
Final Touch,WFM,NE,Brooklyn,"Hudson Valley, NY",Weekly,base
Final Touch,WFM,NE,Bowery,"Hudson Valley, NY",Weekly,base
Final Touch,WFM,NE,Lake Grove,"Hudson Valley, NY",Weekly,base
Final Touch,WFM,NE,Tribeca,"Hudson Valley, NY",Weekly,base
Final Touch,WFM,NE,West Orange Plaza,"Hudson Valley, NY",Weekly,base
Final Touch,WFM,NE,Paramus,"Hudson Valley, NY",Weekly,base
Final Touch,WFM,NE,Darien,"Hudson Valley, NY",Weekly,base
Final Touch,WFM,NE,Millburn Union,"Hudson Valley, NY",Weekly,base
Final Touch,WFM,NE,Fairfield,"Hudson Valley, NY",Weekly,base
Final Touch,WFM,NE,17th Street,"Hudson Valley, NY",Weekly,base
Final Touch,WFM,NE,Yonkers,"Hudson Valley, NY",Weekly,base
Final Touch,WFM,NE,Westport,"Hudson Valley, NY",Weekly,base
Final Touch,WFM,NE,Closter,"Hudson Valley, NY",Weekly,base
Final Touch,WFM,NE,Milford,"Hudson Valley, NY",Weekly,base
Final Touch,WFM,NE,East 57th Street,"Hudson Valley, NY",Weekly,base
Final Touch,WFM,NE,Marlboro,"Hudson Valley, NY",Weekly,base
Final Touch,WFM,NE,Danbury,"Hudson Valley, NY",Weekly,base
Final Touch,WFM,NE,Port Chester,"Hudson Valley, NY",Weekly,base
Final Touch,WFM,NE,Williamsburg,"Hudson Valley, NY",Weekly,base
Final Touch,WFM,NE,Parsippany,"Hudson Valley, NY",Weekly,base
Final Touch,WFM,NE,Harlem,"Hudson Valley, NY",Weekly,base
Final Touch,WFM,NE,Upper East Side,"Hudson Valley, NY",Weekly,base
Final Touch,WFM,NE,Morristown,"Hudson Valley, NY",Weekly,base
Final Touch,WFM,NE,Newark,"Hudson Valley, NY",Weekly,base
Final Touch,WFM,NE,Clark,"Hudson Valley, NY",Weekly,base
Final Touch,WFM,NE,Bryant Park,"Hudson Valley, NY",Weekly,base
Final Touch,WFM,NE,Spring Lake Wall,"Hudson Valley, NY",Weekly,base
Final Touch,WFM,NE,Chappaqua,"Hudson Valley, NY",Weekly,base
Final Touch,WFM,NE,Metuchen,"Hudson Valley, NY",Weekly,base
Final Touch,WFM,NE,Bridgewater,"Hudson Valley, NY",Weekly,base
Final Touch,WFM,NE,Commack,"Hudson Valley, NY",Weekly,base
Final Touch,WFM,NE,Westbury,"Hudson Valley, NY",Weekly,base
Final Touch,WFM,NE,Fort Greene,"Hudson Valley, NY",Weekly,base
Final Touch,WFM,NE,Weehawken,"Hudson Valley, NY",Weekly,base
Final Touch,WFM,NE,Manhattan West,"Hudson Valley, NY",Weekly,base
Final Touch,WFM,NE,Wayne,"Hudson Valley, NY",Weekly,base
Final Touch,WFM,MA,Arlington,"York, PA",Weekly,base
Final Touch,WFM,MA,Bethesda,"York, PA",Weekly,base
Final Touch,WFM,MA,Falls Church,"York, PA",Weekly,base
Final Touch,WFM,MA,Devon,"York, PA",Weekly,base
Final Touch,WFM,MA,Springfield,"York, PA",Weekly,base
Final Touch,WFM,MA,Reston,"York, PA",Weekly,base
Final Touch,WFM,MA,Tenley Town,"York, PA",Weekly,base
Final Touch,WFM,MA,Mount Washington,"York, PA",Weekly,base
Final Touch,WFM,MA,Vienna,"York, PA",Weekly,base
Final Touch,WFM,MA,Marlton,"York, PA",Weekly,base
Final Touch,WFM,MA,Jenkintown,"York, PA",Weekly,base
Final Touch,WFM,MA,South Street,"York, PA",Weekly,base
Final Touch,WFM,MA,Silver Spring,"York, PA",Weekly,base
Final Touch,WFM,MA,P Street,"York, PA",Weekly,base
Final Touch,WFM,MA,Kentlands,"York, PA",Weekly,base
Final Touch,WFM,MA,Old Town,"York, PA",Weekly,base
Final Touch,WFM,MA,Princeton,"York, PA",Weekly,base
Final Touch,WFM,MA,Friendship Heights,"York, PA",Weekly,base
Final Touch,WFM,MA,Fair Lakes,"York, PA",Weekly,base
Final Touch,WFM,MA,Annapolis,"York, PA",Weekly,base
Final Touch,WFM,MA,Rockville,"York, PA",Weekly,base
Final Touch,WFM,MA,Plymouth Meeting,"York, PA",Weekly,base
Final Touch,WFM,MA,Glen Mills,"York, PA",Weekly,base
Final Touch,WFM,MA,Foggy Bottom,"York, PA",Weekly,base
Final Touch,WFM,MA,Riverdale,"York, PA",Weekly,base
Final Touch,WFM,MA,Wynnewood,"York, PA",Weekly,base
Final Touch,WFM,MA,Columbia,"York, PA",Weekly,base
Final Touch,WFM,MA,Philly Center City,"York, PA",Weekly,base
Final Touch,WFM,MA,Cherry Hill,"York, PA",Weekly,base
Final Touch,WFM,MA,Pentagon City,"York, PA",Weekly,base
Final Touch,WFM,MA,Ashburn,"York, PA",Weekly,base
Final Touch,WFM,MA,South Capitol Hill,"York, PA",Weekly,base
Final Touch,WFM,MA,H Street,"York, PA",Weekly,base
Final Touch,WFM,MA,Allentown,"York, PA",Weekly,base
Final Touch,WFM,MA,Spring House,"York, PA",Weekly,base
Final Touch,WFM,MA,Lancaster,"York, PA",Weekly,base
Final Touch,WFM,MA,Newtown,"York, PA",Weekly,base
Final Touch,WFM,MA,Harbor East,"York, PA",Weekly,base
Final Touch,WFM,MA,Tysons Corner,"York, PA",Weekly,base
Final Touch,WFM,MA,Florida Avenue,"York, PA",Weekly,base
Final Touch,WFM,MA,Exton,"York, PA",Weekly,base
Final Touch,WFM,FL,Coral Springs,"Sarasota, FL",Weekly,base
Final Touch,WFM,FL,Biscayne,"Sarasota, FL",Weekly,base
Final Touch,WFM,FL,Ft Lauderdale,"Sarasota, FL",Weekly,base
Final Touch,WFM,FL,Boca Raton,"Sarasota, FL",Weekly,base
Final Touch,WFM,FL,Palm Beach,"Sarasota, FL",Weekly,base
Final Touch,WFM,FL,Sarasota,"Sarasota, FL",Weekly,base
Final Touch,WFM,FL,Coral Gables,"Sarasota, FL",Weekly,base
Final Touch,WFM,FL,Miami,"Sarasota, FL",Weekly,base
Final Touch,WFM,FL,Naples,"Sarasota, FL",Weekly,base
Final Touch,WFM,FL,Pembroke Pines,"Sarasota, FL",Weekly,base
Final Touch,WFM,FL,Bayhill,"Sarasota, FL",Weekly,base
Final Touch,WFM,FL,Wellington,"Sarasota, FL",Weekly,base
Final Touch,WFM,FL,Jacksonville,"Sarasota, FL",Weekly,base
Final Touch,WFM,FL,South Beach,"Sarasota, FL",Weekly,base
Final Touch,WFM,FL,Tampa,"Sarasota, FL",Weekly,base
Final Touch,WFM,FL,Carrollwood,"Sarasota, FL",Weekly,base
Final Touch,WFM,FL,Pompano Beach,"Sarasota, FL",Weekly,base
Final Touch,WFM,FL,North Miami,"Sarasota, FL",Weekly,base
Final Touch,WFM,FL,Clearwater,"Sarasota, FL",Weekly,base
Final Touch,WFM,FL,Altamonte Springs,"Sarasota, FL",Weekly,base
Final Touch,WFM,FL,West Palm Beach,"Sarasota, FL",Weekly,base
Final Touch,WFM,FL,Davie,"Sarasota, FL",Weekly,base
Final Touch,WFM,FL,Winter Park North,"Sarasota, FL",Weekly,base
Final Touch,WFM,FL,University Town Center,"Sarasota, FL",Weekly,base
Final Touch,WFM,FL,Jacksonville Beach,"Sarasota, FL",Weekly,base
Final Touch,WFM,FL,Fort Myers,"Sarasota, FL",Weekly,base
Final Touch,WFM,FL,Dadeland,"Sarasota, FL",Weekly,base
Final Touch,WFM,FL,Gainesville,"Sarasota, FL",Weekly,base
Final Touch,WFM,FL,Delray Beach,"Sarasota, FL",Weekly,base
Final Touch,WFM,FL,West Boca,"Sarasota, FL",Weekly,base
Final Touch,WFM,FL,Midtown Miamia,"Sarasota, FL",Weekly,base
Final Touch,SW,2201 Preston Rd,Plano,"Lancaster, TX",WFM,base
Final Touch,SW,9607 Research Blvd #300,Gateway,"Lancaster, TX",WFM,base
Final Touch,SW,255 E Basse Rd,Quarry,"Lancaster, TX",WFM,base
Final Touch,SW,801 E Lamar Blvd,Parkway,"Lancaster, TX",WFM,base
Final Touch,SW,2955 Kirby Dr,Kirby,"Lancaster, TX",WFM,base
Final Touch,SW,4004 Bellaire Blvd,Bellaire,"Lancaster, TX",WFM,base
Final Touch,SW,4100 Lomo Alto Dr,Highland Park,"Lancaster, TX",WFM,base
Final Touch,SW,525 N Lamar,Lamar,"Lancaster, TX",WFM,base
Final Touch,SW,11700 Preston Rd,Forest,"Lancaster, TX",WFM,base
Final Touch,SW,8190 Park Lane Ste 351,Park Lane,"Lancaster, TX",WFM,base
Final Touch,SW,1700 Post Oak Blvd Ste 100,Post Oak,"Lancaster, TX",WFM,base
Final Touch,SW,15900 Southwest Freeway,Sugar Land,"Lancaster, TX",WFM,base
Final Touch,SW,2118 Abrams Rd,Lakewood,"Lancaster, TX",WFM,base
Final Touch,SW,11920 Domain Dr,Domain,"Lancaster, TX",WFM,base
Final Touch,SW,3720 Vision Dr,Ft Worth,"Lancaster, TX",WFM,base
Final Touch,SW,701 Waugh Dr,Montrose,"Lancaster, TX",WFM,base
Final Touch,SW,105 Stacy Rd,Fairview,"Lancaster, TX",WFM,base
Final Touch,SW,4301 W William Cannon,Arbor Trails,"Lancaster, TX",WFM,base
Final Touch,SW,12601 Hill Country Blvd,Bee Caves,"Lancaster, TX",WFM,base
Final Touch,SW,18403 Blanco Rd,Vineyard,"Lancaster, TX",WFM,base
Final Touch,SW,5100 Belt Line Rd Ste 1012,Addison,"Lancaster, TX",WFM,base
Final Touch,SW,6601 S Fry Rd,Katy,"Lancaster, TX",WFM,base
Final Touch,SW,10133 Louetta Rd,Champions,"Lancaster, TX",WFM,base
Final Touch,SW,4041 Waller Creek,Highland Village,"Lancaster, TX",WFM,base
Final Touch,SW,2510 McKinney Ave,Uptown Dallas,"Lancaster, TX",WFM,base
Final Touch,SW,4801 Colleyville Blvd,Colleyville,"Lancaster, TX",WFM,base
Final Touch,SW,1407 S Voss Rd,Voss,"Lancaster, TX",WFM,base
Final Touch,SW,1925 Hughes Landing Blvd Ste 100,Woodlands,"Lancaster, TX",WFM,base
Final Touch,SW,11041 Westheimer Rd,Westchase,"Lancaster, TX",WFM,base
Final Touch,SW,1411 E Renner Rd,Cityline,"Lancaster, TX",WFM,base
Final Touch,SW,6741 N MacArthur Blvd,Las Colinas,"Lancaster, TX",WFM,base
Final Touch,SW,515 Elgin Street,Midtown Houston,"Lancaster, TX",WFM,base
Final Touch,SW,101 N Loop W,Independence Heights,"Lancaster, TX",WFM,base
Final Touch,SW,5001 183A Toll Rd,Cedar Park,"Lancaster, TX",WFM,base
Final Touch,SW,901 E. 5th Street - Suite 100,East Austin,"Lancaster, TX",WFM,base
Final Touch,WFM,MW,River Forest,"Racine, WI",Weekly,base
Final Touch,WFM,MW,Evanston,"Racine, WI",Weekly,base
Final Touch,WFM,MW,Gold Coast,"Racine, WI",Weekly,base
Final Touch,WFM,MW,Deerfield,"Racine, WI",Weekly,base
Final Touch,WFM,MW,Naperville,"Racine, WI",Weekly,base
Final Touch,WFM,MW,Sauganash,"Racine, WI",Weekly,base
Final Touch,WFM,MW,South Loop,"Racine, WI",Weekly,base
Final Touch,WFM,MW,Halsted,"Racine, WI",Weekly,base
Final Touch,WFM,MW,Northbrook,"Racine, WI",Weekly,base
Final Touch,WFM,MW,Kingsbury Square,"Racine, WI",Weekly,base
Final Touch,WFM,MW,Schaumburg,"Racine, WI",Weekly,base
Final Touch,WFM,MW,Kildeer,"Racine, WI",Weekly,base
Final Touch,WFM,MW,Hinsdale,"Racine, WI",Weekly,base
Final Touch,WFM,MW,Hyde Park,"Racine, WI",Weekly,base
Final Touch,WFM,MW,Orland Park,"Racine, WI",Weekly,base
Final Touch,WFM,MW,Park Ridge,"Racine, WI",Weekly,base
Final Touch,WFM,MW,Englewood,"Racine, WI",Weekly,base
Final Touch,WFM,MW,DePaul,"Racine, WI",Weekly,base
Final Touch,WFM,MW,Chicago Edgewater,"Racine, WI",Weekly,base
Final Touch,WFM,MW,Elmhurst,"Racine, WI",Weekly,base
Final Touch,WFM,MW,Green Bay Road,"Racine, WI",Weekly,base
Final Touch,WFM,MW,Streeterville,"Racine, WI",Weekly,base
Final Touch,WFM,MW,West Loop,"Racine, WI",Weekly,base
Final Touch,WFM,MW,Willowbrook,"Iowa City, IA",Weekly,base
Final Touch,WFM,MW,Lakeview,"Racine, WI",Weekly,base
Final Touch,WFM,MW,Wheaton,"Iowa City, IA",Weekly,base
Final Touch,WFM,MW,Vernon Hills,"Racine, WI",Weekly,base
Final Touch,WFM,MW,Evergreen Park,"Racine, WI",Weekly,base
Final Touch,WFM,SO,Mountain Brook,"Atlanta, GA",Weekly,2026-03
Final Touch,WFM,SO,Mobile,"Atlanta, GA",Weekly,2026-03
Final Touch,WFM,SO,Huntsville,"Atlanta, GA",Weekly,2026-03
Final Touch,WFM,SO,Montgomery,"Atlanta, GA",Weekly,2026-03
Final Touch,WFM,SO,Tallahassee,"Atlanta, GA",Weekly,2026-03
Final Touch,WFM,SO,Destin,"Atlanta, GA",Weekly,2026-03
Final Touch,WFM,SO,Sandy Springs,"Atlanta, GA",Weekly,2026-03
Final Touch,WFM,SO,Ponce de Leon,"Atlanta, GA",Weekly,2026-03
Final Touch,WFM,SO,West Paces Ferry,"Atlanta, GA",Weekly,2026-03
Final Touch,WFM,SO,Duluth,"Atlanta, GA",Weekly,2026-03
Final Touch,WFM,SO,Merchants Walk,"Atlanta, GA",Weekly,2026-03
Final Touch,WFM,SO,Avalon,"Atlanta, GA",Weekly,2026-03
Final Touch,WFM,SO,Savannah,"Atlanta, GA",Weekly,2026-03
Final Touch,WFM,SO,Kennesaw,"Atlanta, GA",Weekly,2026-03
Final Touch,WFM,SO,Chamblee,"Atlanta, GA",Weekly,2026-03
Final Touch,WFM,SO,Midtown Atlanta,"Atlanta, GA",Weekly,2026-03
Final Touch,WFM,SO,Decatur,"Atlanta, GA",Weekly,2026-03
Final Touch,WFM,SO,Northside Buckhead,"Atlanta, GA",Weekly,2026-03
Final Touch,WFM,SO,Jackson,"Atlanta, GA",Weekly,2026-03
Final Touch,WFM,SO,Chapel Hill,"Atlanta, GA",Weekly,2026-03
Final Touch,WFM,SO,Raleigh,"Atlanta, GA",Weekly,2026-03
Final Touch,WFM,SO,Durham,"Atlanta, GA",Weekly,2026-03
Final Touch,WFM,SO,Winston-Salem,"Atlanta, GA",Weekly,2026-03
Final Touch,WFM,SO,Cary,"Atlanta, GA",Weekly,2026-03
Final Touch,WFM,SO,North Raleigh,"Atlanta, GA",Weekly,2026-03
Final Touch,WFM,SO,Asheville,"Atlanta, GA",Weekly,2026-03
Final Touch,WFM,SO,Greensboro-Friendly,"Atlanta, GA",Weekly,2026-03
Final Touch,WFM,SO,Sharon Road,"Atlanta, GA",Weekly,2026-03
Final Touch,WFM,SO,Wilmington,"Atlanta, GA",Weekly,2026-03
Final Touch,WFM,SO,Kenilworth,"Atlanta, GA",Weekly,2026-03
Final Touch,WFM,SO,Lake Norman,"Atlanta, GA",Weekly,2026-03
Final Touch,WFM,SO,Waverly,"Atlanta, GA",Weekly,2026-03
Final Touch,WFM,SO,West Cary,"Atlanta, GA",Weekly,2026-03
Final Touch,WFM,SO,Uptown Charlotte,"Atlanta, GA",Weekly,2026-03
Final Touch,WFM,SO,South Asheville,"Atlanta, GA",Weekly,2026-03
Final Touch,WFM,SO,Charleston,"Atlanta, GA",Weekly,2026-03
Final Touch,WFM,SO,Woodruff,"Atlanta, GA",Weekly,2026-03
Final Touch,WFM,SO,Cross Hill,"Atlanta, GA",Weekly,2026-03
Final Touch,WFM,SO,Hilton Head Island,"Atlanta, GA",Weekly,2026-03
Final Touch,WFM,SO,West Ashley,"Atlanta, GA",Weekly,2026-03
Final Touch,WFM,SO,Green Hills,"Atlanta, GA",Weekly,2026-03
Final Touch,WFM,SO,McEwen,"Atlanta, GA",Weekly,2026-03
Final Touch,WFM,SO,Chattanooga,"Atlanta, GA",Weekly,2026-03
Final Touch,WFM,SO,Knoxville,"Atlanta, GA",Weekly,2026-03
Final Touch,WFM,SO,Poplar Avenue,"Atlanta, GA",Weekly,2026-03
Final Touch,WFM,SO,Germantown,"Atlanta, GA",Weekly,2026-03
Final Touch,WFM,SO,Nashville Downtown,"Atlanta, GA",Weekly,2026-03
Final Touch,WFM,SO,Chattanooga East,"Atlanta, GA",Weekly,2026-03
Final Touch,WFM,,Bedford,"Dayville, CT",Weekly,2026-04
Final Touch,WFM,,Bellingham,"Chesterfield, NH",Weekly,2026-04
Final Touch,WFM,,Newtonville,"Chesterfield, NH",Weekly,2026-04
Final Touch,WFM,,University Heights,"Chesterfield, NH",Weekly,2026-04
Final Touch,WFM,,River Street,"Dayville, CT",Weekly,2026-04
Final Touch,WFM,,Framingham,"Chesterfield, NH",Weekly,2026-04
Final Touch,WFM,,Charles River Plaza,"Chesterfield, NH",Weekly,2026-04
Final Touch,WFM,,Hingham,"Dayville, CT",Weekly,2026-04
Final Touch,WFM,,West Hartford,"Chesterfield, NH",Weekly,2026-04
Final Touch,WFM,,Swampscott,"Dayville, CT",Weekly,2026-04
Final Touch,WFM,,Woburn,"Chesterfield, NH",Weekly,2026-04
Final Touch,WFM,,Cranston,"Dayville, CT",Weekly,2026-04
Final Touch,WFM,,Portland-Bayside West,"Chesterfield, NH",Weekly,2026-04
Final Touch,WFM,,Dedham,"Chesterfield, NH",Weekly,2026-04
Final Touch,WFM,,Glastonbury,"Chesterfield, NH",Weekly,2026-04
Final Touch,WFM,,Bishops Corner,"Chesterfield, NH",Weekly,2026-04
Final Touch,WFM,,Andover,"Chesterfield, NH",Weekly,2026-04
Final Touch,WFM,,Medford,"Chesterfield, NH",Weekly,2026-04
Final Touch,WFM,,Wellesley,"Dayville, CT",Weekly,2026-04
Final Touch,WFM,,Jamaica Plain,"Dayville, CT",Weekly,2026-04
Final Touch,WFM,,Lynnfield,"Chesterfield, NH",Weekly,2026-04
Final Touch,WFM,,North Nashua,"Chesterfield, NH",Weekly,2026-04
Final Touch,WFM,,South Weymouth,"Chesterfield, NH",Weekly,2026-04
Final Touch,WFM,,Arlington Center,"Dayville, CT",Weekly,2026-04
Final Touch,WFM,,Brookline,"Chesterfield, NH",Weekly,2026-04
Final Touch,WFM,,Charlestown,"Chesterfield, NH",Weekly,2026-04
Final Touch,WFM,,Melrose,"Chesterfield, NH",Weekly,2026-04
Final Touch,WFM,,Somerville,"Dayville, CT",Weekly,2026-04
Final Touch,WFM,,Hyannis,"Dayville, CT",Weekly,2026-04
Final Touch,WFM,,Ink Block,"Dayville, CT",Weekly,2026-04
Final Touch,WFM,,Bedford New Hampshire,"Dayville, CT",Weekly,2026-04
Final Touch,WFM,,Beverly,"Chesterfield, NH",Weekly,2026-04
Final Touch,WFM,,Shrewsbury,"Chesterfield, NH",Weekly,2026-04
Final Touch,WFM,SP,Beverly Hills,"Moreno Valley, CA",Weekly,2026-05
Final Touch,WFM,SP,Brea,"Moreno Valley, CA",Weekly,2026-05
Final Touch,WFM,SP,Burbank,"Moreno Valley, CA",Weekly,2026-05
Final Touch,WFM,SP,Chandler,"Moreno Valley, CA",Weekly,2026-05
Final Touch,WFM,SP,Del Mar,"Moreno Valley, CA",Weekly,2026-05
Final Touch,WFM,SP,Pacific Coast Hwy,"Moreno Valley, CA",Weekly,2026-05
Final Touch,WFM,SP,Flagstaff,"Moreno Valley, CA",Weekly,2026-05
Final Touch,WFM,SP,Glendale,"Moreno Valley, CA",Weekly,2026-05
Final Touch,WFM,SP,Henderson,"Moreno Valley, CA",Weekly,2026-05
Final Touch,WFM,SP,Kahala Mall Oahu,"Moreno Valley, CA",Weekly,2026-05
Final Touch,WFM,SP,Queen,"Moreno Valley, CA",Weekly,2026-05
Final Touch,WFM,SP,Huntington Beach,"Moreno Valley, CA",Weekly,2026-05
Final Touch,WFM,SP,Brookhurst,"Moreno Valley, CA",Weekly,2026-05
Final Touch,WFM,SP,Irvine,"Moreno Valley, CA",Weekly,2026-05
Final Touch,WFM,SP,Maui Mall Maui,"Moreno Valley, CA",Weekly,2026-05
Final Touch,WFM,SP,Kailua Oahu,"Moreno Valley, CA",Weekly,2026-05
Final Touch,WFM,SP,Laguna Beach,"Moreno Valley, CA",Weekly,2026-05
Final Touch,WFM,SP,Laguna Niguel,"Moreno Valley, CA",Weekly,2026-05
Final Touch,WFM,SP,La Jolla,"Moreno Valley, CA",Weekly,2026-05
Final Touch,WFM,SP,Fort Apache,"Moreno Valley, CA",Weekly,2026-05
Final Touch,WFM,SP,Las Vegas Blvd,"Moreno Valley, CA",Weekly,2026-05
Final Touch,WFM,SP,Tenaya,"Moreno Valley, CA",Weekly,2026-05
Final Touch,WFM,SP,Long Beach,"Moreno Valley, CA",Weekly,2026-05
Final Touch,WFM,SP,West Los Angeles,"Moreno Valley, CA",Weekly,2026-05
Final Touch,WFM,SP,Brentwood,"Moreno Valley, CA",Weekly,2026-05
Final Touch,WFM,SP,West Hollywood,"Moreno Valley, CA",Weekly,2026-05
Final Touch,WFM,SP,Westwood,"Moreno Valley, CA",Weekly,2026-05
Final Touch,WFM,SP,Fairfax,"Moreno Valley, CA",Weekly,2026-05
Final Touch,WFM,SP,Downtown Los Angeles,"Moreno Valley, CA",Weekly,2026-05
Final Touch,WFM,SP,Silver Lake,"Moreno Valley, CA",Weekly,2026-05
Final Touch,WFM,SP,Long Beach Lakewood,"Moreno Valley, CA",Weekly,2026-05
Final Touch,WFM,SP,Malibu,"Moreno Valley, CA",Weekly,2026-05
Final Touch,WFM,SP,Newport Beach,"Moreno Valley, CA",Weekly,2026-05
Final Touch,WFM,SP,Oxnard,"Moreno Valley, CA",Weekly,2026-05
Final Touch,WFM,SP,Palm Desert,"Moreno Valley, CA",Weekly,2026-05
Final Touch,WFM,SP,Paradise Valley,"Moreno Valley, CA",Weekly,2026-05
Final Touch,WFM,SP,Pasadena,"Moreno Valley, CA",Weekly,2026-05
Final Touch,WFM,SP,Arroyo,"Moreno Valley, CA",Weekly,2026-05
Final Touch,WFM,SP,Scottsdale,"Moreno Valley, CA",Weekly,2026-05
Final Touch,WFM,SP,Camelback,"Moreno Valley, CA",Weekly,2026-05
Final Touch,WFM,SP,Playa Vista,"Moreno Valley, CA",Weekly,2026-05
Final Touch,WFM,SP,Porter Ranch,"Moreno Valley, CA",Weekly,2026-05
Final Touch,WFM,SP,Redondo Beach,"Moreno Valley, CA",Weekly,2026-05
Final Touch,WFM,SP,Hillcrest,"Moreno Valley, CA",Weekly,2026-05
Final Touch,WFM,SP,San Luis Obispo,"Moreno Valley, CA",Weekly,2026-05
Final Touch,WFM,SP,Santa Barbara,"Moreno Valley, CA",Weekly,2026-05
Final Touch,WFM,SP,Valencia,"Moreno Valley, CA",Weekly,2026-05
Final Touch,WFM,SP,Santa Monica,"Moreno Valley, CA",Weekly,2026-05
Final Touch,WFM,SP,Montana Avenue,"Moreno Valley, CA",Weekly,2026-05
Final Touch,WFM,SP,Pico,"Moreno Valley, CA",Weekly,2026-05
Final Touch,WFM,SP,Sedona,"Moreno Valley, CA",Weekly,2026-05
Final Touch,WFM,SP,Sherman Oaks West,"Moreno Valley, CA",Weekly,2026-05
Final Touch,WFM,SP,Sherman Oaks,"Moreno Valley, CA",Weekly,2026-05
Final Touch,WFM,SP,Tarzana,"Moreno Valley, CA",Weekly,2026-05
Final Touch,WFM,SP,Tempe,"Moreno Valley, CA",Weekly,2026-05
Final Touch,WFM,SP,Thousand Oaks,"Moreno Valley, CA",Weekly,2026-05
Final Touch,WFM,SP,Torrance,"Moreno Valley, CA",Weekly,2026-05
Final Touch,WFM,SP,Speedway,"Moreno Valley, CA",Weekly,2026-05
Final Touch,WFM,SP,Oracle,"Moreno Valley, CA",Weekly,2026-05
Final Touch,WFM,SP,River Road,"Moreno Valley, CA",Weekly,2026-05
Final Touch,WFM,SP,Jamboree,"Moreno Valley, CA",Weekly,2026-05
Final Touch,WFM,SP,Upland TI,"Moreno Valley, CA",Weekly,2026-05
Final Touch,WFM,SP,Venice,"Moreno Valley, CA",Weekly,2026-05
Final Touch,WFM,SP,Woodland Hills,"Moreno Valley, CA",Weekly,2026-05
